audio_filename,speaker,transcript,language,convo_id,source
nahuatl_dev/clips/6064458f4b0e49a1a571eae70f5705bc.mp3,20,"Tejua nikelnamik porque nikchiutoya se pio corral uan nikita que nechpoloa nikuapanchan, ka nojón nikelnamik ta amo yo nikelkaukaya.",azz,115,competition
nahuatl_dev/clips/10b2aae8c4584671a67e652871a36c61.mp3,40,ama inka ama nimauiltia nimauiltis hasta las doce más o menos doce uan tlajko uelis ama nimauiltia ipan play kena,nhw,2,competition
nahuatl_dev/clips/3eca375fb1c94d0a8076c0ec19a586d4.mp3,9,"!Tejua¡ ken se kichiluis non piochilat, nechtapoui.",azz,124,competition
nahuatl_dev/clips/e9ae55134c4b4674a4ea183b5a6fc662.mp3,40,tipaxalotisen miak ejmiak lados uan ipan miak lugares amo titlaxtlauas yeka kena kuali sekin parque sekin tlamantli sekin lugares katli amo titlaxtlaua miak san pasajes uan pasajes amo patiyo kentsi ken aj ken... ken kema ta tiualajki nojkia,nhw,3,competition
nahuatl_dev/clips/af980d66c70e43cc8b1c2dd147f25add.mp3,20,"Kuali yetok este xikili maj youi ompa kalijtik uan xa moyoleuaskia ka omen uan nikinmakaya, sayój xikili que yekin yolkej.",azz,122,competition
nahuatl_dev/clips/a57f0b5479f147a6a2d636661e96be33.mp3,40,kena kuali techiluía nopa prima katli kineki... kineki ualas,nhw,3,competition
nahuatl_dev/clips/55651dce09594130b88d3aa073433ef0.mp3,20,"Es que ijkón kemej tikijto fiero mokaki. Va, chouej, ¿keman tiyouej? alrato den tiotak, masma techkitski kiouit.",azz,117,competition
nahuatl_dev/clips/deee02f555e8468a9dd040a6a02ef705.mp3,20,Tejua pero nojón semi amo miak que tal uan uitsej oksekin uan techtanij nenkaj tiyaskej.,azz,123,competition
nahuatl_dev/clips/2af050ebceab4d27880e35b9676cbe33.mp3,40,nopa kuali kena ta tikmati,nhw,2,competition
nahuatl_dev/clips/6932fc69a51a44cca54594114067d0b8.mp3,40,uan ya kaxilik treinta y tres xiuitl uelis tikijtosen a san se ichpokatsin se lamatsin se siuapil inka ya kipia treinta y tres xiuitl uajpa amo kuali kinamiki para kiani moneuilis uan kichiuas nopa ken se siuapil ya eli se... se siuatsin ya mas ueuentsin mas ueuentsin ken na uan noja kichiuilia nopa mauiltia ken se siuapil katl ika tlamantli katli amo moneki ma timauiltiskej pampa,nhw,2,competition
nahuatl_dev/clips/239ecc089f44400a89c5bba552026e22.mp3,40,kena kena ika noyolo ni... na nikchiua uan ama mitspouilis seyok tlamantli achi uetskilia pampa se nouampox se se siuatl eli ken se ichpokatl kemanti ken se siuapil amo ken se ichpokatl ken se siuapil,nhw,2,competition
nahuatl_dev/clips/3c1f246b43d5430da7d6fde6ff5a8915.mp3,40,tlake uelis timokauasen uan kenijkatsa uelis ti... pues tikchiuasen katli... katli ta tikneki uan sintla tikneki tijkouilis se tlamantli se sekin mercancía o seyok tlamantli pues nojkia ta tijmati techiluis,nhw,3,competition
nahuatl_dev/clips/8c1e61dea6b447d79be8a246e1f8123e.mp3,40,pues moneki tikchiuasen ken... ken tlakamej o ken siuamej,nhw,2,competition
nahuatl_dev/clips/bc16648e5cde49a48beae62ae04f1930.mp3,20,"Tejua kachi kuali xikuika uan xikuika iuan nen tapajtiani porin amo no tikmati keye kuitikis o ken, amo no mitsmakaskej katiyejua yayo pajti.",azz,121,competition
nahuatl_dev/clips/cfa68f6d893a47d5a4827fe13bd2dd6d.mp3,9,Pero nojón kuak yo yoksik in pollo ¿amo?.,azz,124,competition
nahuatl_dev/clips/b29938c160144f90bc8feee1aaf0d546.mp3,9,"Pues in primero yetoti tres mil uan segundo lugar yetoti dos mil uan tercero yetoti mil pesos, a ver xa namechconveniroa nanmauiltitiuej.",azz,123,competition
nahuatl_dev/clips/8aa12a60b5114e85a414f075239856fc.mp3,20,Achá kemaj timatamis moselti uan mosta toni horas tiualas.,azz,116,competition
nahuatl_dev/clips/1ad6bc72188a4f369640ee9d18d1b65b.mp3,9,Achá amo nenkaj niyas porque fiero xiujtaj uan niktatsiuilia non ne xiuit nikixuitekis uan nitaixuajuanas mejor nitatakeuas.,azz,110,competition
nahuatl_dev/clips/53cf90002c9e406eb12a764a67c48608.mp3,20,Sale entoces ijkón timokauaj uan nikinuika seki melamej ka manteca.,azz,110,competition
nahuatl_dev/clips/2b473831811d489ca5bfdc48a03a17ac.mp3,9,Pos amo nimotatokij sayój nikneki nechpaleuiki mosta ta amo ijtakauiti in nakat uan in habas .,azz,105,competition
nahuatl_dev/clips/22eab289c72845e79bf78460280cde5a.mp3,20,"Tejua pues nesnón nikita amo liuis taueyika xa tejua timatamis moselti, mejor tejua xuiki moselti amo nenkaj niktakeuas okse.",azz,116,competition
nahuatl_dev/clips/be208df4578742028e57718243760f04.mp3,40,ejuelis,nhw,2,competition
nahuatl_dev/clips/2d408a11c7574287852d2229cfa2c8e7.mp3,40,maski ama kena ipan youal tlajkoyoual nimoneuilia miak tlamantli nopa miakpa nimoneuilia nimoseli nejnemis nimoseli nejnemis uan nochipa uan amo nimosiuatis uan yon se techiknelis,nhw,2,competition
nahuatl_dev/clips/6bcffe7646a24b849bdd82b597e4b113.mp3,20,"An ijkón, ¡tejua! pero toni kimaka momán.",azz,121,competition
nahuatl_dev/clips/182b2cfbc9e24b72b81915cd13e1912f.mp3,9,Pues kemaj niyas uan takouan amo nimatami pues oksepa niyas mostika.,azz,116,competition
nahuatl_dev/clips/bb277554964c48b9a4adcc476a5b0bbc.mp3,9,"Liuis nikochik tiotak ya uan amo uelik nikochik ok, liuis nechkuajtoyaj in tekpimej tons kachi kuali nimeuak ya.",azz,119,competition
nahuatl_dev/clips/931d97d538d34503a46b8c0e4d2f5912.mp3,20,"Achá melau, tak nikinyoleuati in siuamej uan nikiniliti maj tiyakan ta siquiera tiyouej timoixpetanitij.",azz,123,competition
nahuatl_dev/clips/a429a45b636848e8866adbd757f27b4d.mp3,9,Uan kemaj ualas porque yej kineki tomin ahorita kinecesitarojtok tons uan yejua amo kalaki tiopan tons kemaj ualas.,azz,110,competition
nahuatl_dev/clips/21f32545e17a42c6b7a48feda0547e20.mp3,40,uan moyoyontia ken ipan ánimes kichiuilia cosplay uan nopa chano techpaktia nopa chano techpaktiaj este tiomej yeka tiasen uan kena nojkia ken se ajuiyak nopa kafensi uan ej,nhw,3,competition
nahuatl_dev/clips/d8c8ba53ded44a7694ba4417005624cb.mp3,9,Pos yo nimitsilij que nimitsinmakas amo xitsajtsito.,azz,115,competition
nahuatl_dev/clips/bd6552dcf9c64cbcbeb856d93bc3e850.mp3,40,nopa nelia na kiampa nikita ken nimauilti,nhw,3,competition
nahuatl_dev/clips/5ad2dd45fbe3429f9970fbe578b86f5b.mp3,9,"No manchas nimopoloj, tiyouej tiktemotij nanakat xa tikajsij ya seki kosauik, kejkex.",azz,117,competition
nahuatl_dev/clips/4e95fc431f314b249523e9c4c278c6a6.mp3,9,Pues moyoleuakan ximauiltitij uan tisenyaske uan ompa tisenuitse ya oksepa.,azz,123,competition
nahuatl_dev/clips/e3d81b794b424933bac7c01ecf07d442.mp3,9,Pues takouan tiueliskia pues nikneki nechchiuili de pitsonakat uan de habas selik no.,azz,105,competition
nahuatl_dev/clips/1ab8b3433898494bb92721e0690b8158.mp3,20,¡Amo xikijto! tons tikinmatsakuilij ako mokuajkej yok ¡tejua! pero x xitetapoui para maj kimatikan pos keye amo mitsuantikej in chichik.,azz,113,competition
nahuatl_dev/clips/052ec735652c4b63a10f48150328b331.mp3,9,"Nejua kemaj nitameuas pero iuan okse, pero noselti amo kachi nikuelita nitameuas",azz,116,competition
nahuatl_dev/clips/387e31b14d1f41198b8e47f28e2dee60.mp3,20,¡Tejua! ¿pero xe kinekis ualas non ne tamakas? fiero uejka Atenti para hasta nikan maj uiki.,azz,110,competition
nahuatl_dev/clips/f543dbbdc0574a34b3d9692ebf457562.mp3,40,"aj nopa kena nikan kena chano tanamaka peseli nochi tlakenti pantalon de siuamej kena uan siuamej kena kuali kijkouilia nopa uan uelis titanamakas se uelis tijkouilis se kentsi maquillaje uan nojkia titanamaka ya tijmati kenijki siuamej kipaktiaj kena pero nikan kena kuali kuali eltoya precios uelis miak ti.., tijkouilis",nhw,2,competition
nahuatl_dev/clips/455c09fa69054f6e80555fc9bce83b59.mp3,20,No manches tejua pero nitakau xe amo yeski kimati ¡no manches! uan toni kichijtoyaj ompa curva.,azz,113,competition
nahuatl_dev/clips/a92889720fb34307b40e0315e0592603.mp3,40,yaui tlake tikchiua katsa aniitstokej nochi neka mochan nikan ipan nochan aman nimoseuia uan nitsotsona se kentsi guitarra ama nikyekoua se yok kuikalis se tlakuikalis itokax donna katli kichijki nopa tikilnamiki ritchie valens ricardo valenzuela nopa,nhw,3,competition
nahuatl_dev/clips/46c6fea6b1b546f0b7c76b6342b176f7.mp3,40,ken se lamatsin pampa kemantik san kipaktia ma techkualani uan keman techtitlanilia se tlamantli ika mensaje o ika seyok san kichiua para techkualani na nimokualani amo miak nimokualania maski kemantik achi kena ma pero pues ni... nikxiko nikxikoua ama amo... amo,nhw,2,competition
nahuatl_dev/clips/43cc8348fe954b0d9d5078fd778b04a7.mp3,9,"An ijkón entonces, amo nikmatia entonces ahorita nikmatok ya uan alrratito nikitas in metstsin ken yetok, xa kualtia nitatoka ijkón ya.",azz,112,competition
nahuatl_dev/clips/dc89a3bd0d1b41bfac6bc27363fe3280.mp3,40,san se tlatoksi tikochis nouampox kena... kena kuali xkochi kuali xkochiti uan mostla ti... tiuejchiuasen tikamanaltisen,nhw,3,competition
nahuatl_dev/clips/53b9f3bfc32a42148af4d5a110d6d383.mp3,9,An pos tanauatijke den faena pera amo niyetoya niyajka nikitato nokniuan uan yekin niejko uan toni se kuikas ¿xa tikmati?.,azz,110,competition
nahuatl_dev/clips/2f1f2797c72a4dc9b31b8d303b044ef6.mp3,9,"Pos nejua amo nikpiya totomoch pero nikpiya pajpata, pero xa tikpiya tejua nechnamakilti tejua.",azz,105,competition
nahuatl_dev/clips/f74a993cbc014d9d990893622dae2935.mp3,9,Pues yalua nikitak katka sitalaj paro amo yon nikitak metstsin.,azz,112,competition
nahuatl_dev/clips/730a469b55cf46b28500cc4fda8fbf86.mp3,9,Pues nimitskouilitia in cinco kilos uan nechkauili ka cien tepitsin xitsinkixti.,azz,106,competition
nahuatl_dev/clips/bfcb6c7e57e142e3966d124d14e0445e.mp3,20,"Amo xikijto tons uayik, fuerza amo tikaatekis. Este se notiaj de México kiualileuij.",azz,114,competition
nahuatl_dev/clips/4fc8c8dd73c84027a3564f33b72c6d14.mp3,40,kuali techiluia tlamantli uan tikamanalojkej ika nauatl uan yeka nopa techpahtik maski teipan kema pano se keski tiempo ya tikamanalojkej seyok tlamantli,nhw,2,competition
nahuatl_dev/clips/c853abbd19954a53a6a18d0a4788141c.mp3,9,"Aj ya, sale, se me hace que notiaj no ijkon kinekia mistonme uan nechtajtanijtoya xa nikimpiya nejua pero nikilij ke amo, nikilis pon maj yakan mitstanitij tejua xa ti tikinmakas o nechmaka omen, nechmaka setsin ueyi uan se kilichin o nechtaneuti in ueyi uan kilichi ye maj kimachtia.",azz,122,competition
nahuatl_dev/clips/9ce9118d47024eac92fa3197ca5ac914.mp3,9,Pos kijtoaj maj se kintsiko se tonal antes in itskuimej uan amo maj se kintamaka niman takopaj.,azz,118,competition
nahuatl_dev/clips/262d479a8b68432dae577ccfa6f9efa1.mp3,9,"Nejua amo nikualantok, yo nimitsilij que nimitskopilis pero amo xikualani ok.",azz,115,competition
nahuatl_dev/clips/033bb885a88d40a48c142ef0cc3fd3f2.mp3,20,"Tejua, mero niknektok yeua nikpanitak nomil, xiujtaj ya, nechtameuiki.",azz,116,competition
nahuatl_dev/clips/f87de75cdaa141a98be1e60c7f331248.mp3,40,a ver tlake panos,nhw,3,competition
nahuatl_dev/clips/cabddd2146574ae198082d9227391ea1.mp3,40,pues uelis tikchiuasej se tlamantli kiampa tinejnemisen centro tiasen se seyok seyok lugar uan amo miak titlaxtlauasen,nhw,3,competition
nahuatl_dev/clips/b7b2349992514be6bce2e401c56d91d8.mp3,9,Lo que pasa nejua noitskuiuan liuis kipiyaj tekpimej uan san ka nojón kalayikej liuis kalijtik.,azz,119,competition
nahuatl_dev/clips/a45805fd3d704a4c88c8b26f71bf98c4.mp3,40,maske se no uampox techiluik kichiua nopa pampa eltok ipan psicología kenijki se siuatl o se ichpokatl kichiuilia nopa kikualania se tlakatl pampa kineki nejnemis iuaya pampa kipaktia yeka pues yaya nojkia kichiua nopa,nhw,2,competition
nahuatl_dev/clips/427edab02a434ff0a34c977e4d8e09a7.mp3,20,"Tejua ya que tiyoj este tinechualnauatia toni horas yeski nen tetokalis para amo nechpanauiskej uan niajsis ompa ne kalijtik,",azz,120,competition
nahuatl_dev/clips/d6c923fa7b714498890ef244d091b0e1.mp3,20,"Kemaj tejua sayój nechchá maj moskaltikan yok miston konemej uan uelis nimitsmakas mistonlamaj pero tejua xa aksa tikmati que kineki miston konemej, ta niknekia nikinkixtis miston konemej amo in mistonlamaj pero takan liuis tikneki pues nimitsmaka mistonlamaj ueyi pero aksa xikintapoui uan tinechnauatia.",azz,122,competition
nahuatl_dev/clips/0a251ce05d484c8681dc8de3637fb2b9.mp3,9,"Para toni tikneki in chilkapom, tejua no ijkon tikpiya.",azz,114,competition
nahuatl_dev/clips/fb6d7db099314fd48b03638f92c04160.mp3,40,kena timoixmatkej dos mil dieciséis xiuitl ya kipia matlaktli xiuitl uejkauik ompanok,nhw,2,competition
nahuatl_dev/clips/cde28127123a432e9060a76e0f9b22a9.mp3,40,"de nopa película nesi ipan película la bamba neli se kuali película chano yektsin na chano techpaktia uan uelis nikitas miak miak vuelta uan amo ni,,, nisiuis neli se kuali película",nhw,3,competition
nahuatl_dev/clips/7ff976c744f64205bec65dd09d806e83.mp3,9,An sale niktapouis xa nikita nin mosta uikta nikilis mientras que no ijkon moskaltiaj ok tepitsin mistonme.,azz,122,competition
nahuatl_dev/clips/5f9f11a1829b44719fb87a1ef8061309.mp3,9,"[laugh] tiyouej tiktemotij nanakat xe amo tikmati que onkak ya, se me hace que miakej kiajsitokej ya.",azz,117,competition
nahuatl_dev/clips/1cf61bff3464436a88ff2b08dc78b255.mp3,20,Takouan ijkón tons maj mosta maj nimeua kualkan uan xe kipiya se kintsikos in itskuime desde ahorita ya.,azz,118,competition
nahuatl_dev/clips/2c04df357fb14e9ab2e68a227524cf1e.mp3,20,Yekin nemeua tejua ayamo nikchiua kaféntsin ¿tejua toni tikchiutok? kualkan yok.,azz,119,competition
nahuatl_dev/clips/85a2da1104ef4ca19b4a18e601d53efa.mp3,9,"An ya, nejua nimolij sayój in uejueyin para niyaskia nikuitiu ya, liuis nechchiuilia falta se miston pasa liluis kalayikej kimichimej uan nikneki se miston maj ueya non kitsitsin ok.",azz,122,competition
nahuatl_dev/clips/7baf5df765e64cdbaee680665a3f440f.mp3,9,"An sale, pues ijkón timokauaj ya ka in ciento diez uan ¿uan xe uelis tinechpielis ok ome kilo de kuetax?.",azz,106,competition
nahuatl_dev/clips/ac6b0e268c2c4bd48c1d3586e0f36508.mp3,9,Achá nikilis pero niman liuis monenekij.,azz,114,competition
nahuatl_dev/clips/ad1704afc85443459108b4134305b14f.mp3,20,"Takouan tikijtoa que ijkón tanauatijkej entonces amo niktamakas notskuin pos, maj tepetsin mayanto.",azz,118,competition
nahuatl_dev/clips/66e8bea6560740f194e801f64871757d.mp3,40,kena se tlamantik tlamantikej eli amo yampa yaya kiijtoa na amoyok nikamauik iuaya nikilkaua kiijtoa amo techpaktia kena maski kena yaya nouampox,nhw,2,competition
nahuatl_dev/clips/309ca2fe42054c4eb9aebc8e6123f506.mp3,9,Pos kemaj nechitakej tejua pero nechilijkej que amo teyi maj nikijto uan nechuantiske se chichik.,azz,113,competition
nahuatl_dev/clips/f16e8a7d5c564bb1bf6216a7b1d2ff2f.mp3,9,Es que nejua nimolij xa kachi tikmatoya tejua que nejua es que nejua amo nikmati teyi.,azz,112,competition
nahuatl_dev/clips/1ec68655a721405eb72a8de01e43abef.mp3,40,pero pues depende tla onkas tla amo onkas,nhw,2,competition
nahuatl_dev/clips/816b8b8e2ef44c5881f5fcbc816ebe82.mp3,20,"Tejua, nikinuikas porque liuis kinekij yaskej uan achá kemaj taxikoske ¡tejua! pero akonime oksekin yatij.",azz,110,competition
nahuatl_dev/clips/8096b82caad44286a6c5f5e22071d5cc.mp3,40,ejika ipa ikamak o ipa iteno uan nopa amo tleno ejamo tlen panok maski ya kiijtoa ya istlakatia ya moneuilia kiani kiani panok maski amo neli na amo keman nitsipinki xka,nhw,2,competition
nahuatl_dev/clips/80c7d6747073421aa6cbe8de8bd4518a.mp3,20,Pero amo xikualani ta in nechtauikilia ¡tejua! amo nejua.,azz,115,competition
nahuatl_dev/clips/9842dde7ffcc4e93b4715da8c3cd582e.mp3,40,de maid itokax kena uan aman pues nipajpakas nipajpakas xalo trastes cucharas uan nochi nopa trastes kena pos ya tlanki nopa tlakualis nochi kuali,nhw,3,competition
nahuatl_dev/clips/0d1b0228ae45490dba78bf796061c953.mp3,40,ka se amoch ijkano ika xoxojtik pikuiltik achi uan ijkano san kiani pues ni... ni... nipintaro uan pues ya ya kiski,nhw,2,competition
nahuatl_dev/clips/892fe970dd7a4f41a5ff5ef012d33f58.mp3,20,Tejua pero tejua liuis tikisa den tayouak ¿xe amo tikita in metstsin ken yetok?.,azz,112,competition
nahuatl_dev/clips/f53cdc2b1ccf49f58b92a5f275449a1f.mp3,40,kema tikualika tomin kema tijkouas más que nada moneki tikmati konke kena uelis tikalakis uan katlike calles uan katlike amo kema sekin calles onka más itstoken miakej tlachtekianij ipan sekin inka kena uan keman tiualas na... mits na nias mouaya,nhw,2,competition
nahuatl_dev/clips/0f1951c06f3f44cba9511cdf9b714dd0.mp3,20,"An ijkón, nejua nimolij timotatokijka an pues kuali yetok este ¿keman tikneki nen tamal pero?.",azz,105,competition
nahuatl_dev/clips/a3db614fb80747ea8fe5bc8a81649dfc.mp3,40,techpaktia san nikxikoua,nhw,2,competition
nahuatl_dev/clips/cf19eb2425bb45bd8274a99b7b697cb2.mp3,20,"Tejua, nesnón amo tejua, lo que pasa liuis ouij se kiniskaltis in pitsomej.",azz,106,competition
nahuatl_dev/clips/20e599eafd7a4db1b04e16130203e70a.mp3,20,"Amo xikijto, xikili maj mitsinmaka seki matitas yejuan liuis kimpiyaj maj mitsinmaka.",azz,114,competition
nahuatl_dev/clips/3eb5187879dc4f76830390d0ea98f49f.mp3,20,"Pos ijkón xikijtoj ""chouej tiktemotij nanakat"" tinechilia ""chouej (tiyouej) kuoutaj"" ¡no manches!, kemaj ojonkak ya tejua.",azz,117,competition
nahuatl_dev/clips/1af60b87e8f24bca9d1c7735c53204b9.mp3,9,"Pues nejua semi notiajtsin uan ka nojón niyoj , nikan no ... niuitsa nikinkouaki seki veladoras para nikinuikati.",azz,120,competition
nahuatl_dev/clips/4b65bbf9586d41658d4ba1b7b5c6dcb1.mp3,40,nopa kuali titlamakas pampa maseualmej nojkia kiani mitsixmati keman ti... ti... tijkaua más barato o achi más patiyo pues kena sekin uelis kijkoilis pero amo miak,nhw,2,competition
nahuatl_dev/clips/bbb9baaef1794829aeaae8d7bb9e8f32.mp3,9,Nikan kuali yetok tieuaskiaj las siete para tiajsikiaj kualkampa uan kemaj maj se mouikili se nitaxkal porque ompa amo monamaka.,azz,110,competition
nahuatl_dev/clips/3fb1496b40354465bbf4c494a88dd0a0.mp3,40,uan tiasen se café nojkia se meid kafe... kafen katli tenamaka kena kafen he uan postres uan nochi nopa tlakualis de tsopelik uan itstoken ichpokatsitsin katli neli yektsin yeka tiasen,nhw,3,competition
nahuatl_dev/clips/860a40ce39ea452b99bf51e69e18d04b.mp3,20,Xe amo tikmati ken tikchiuas ta nesnón amo ouij.,azz,124,competition
nahuatl_dev/clips/46076ae6f1d24d20b559a272e2bb0450.mp3,20,Tejua kuali yetoskia maj niyoj pero nikan niknemilijtok niyas in tetokalis kachi kuali.,azz,120,competition
nahuatl_dev/clips/12b8168d151b47b4a22501bde68c0295.mp3,9,Pos nejua nimolia ya ijkón san niyoj niknemoti in pajti.,azz,121,competition
nahuatl_dev/clips/d57babf19ee146e6b80c2bd3d4d79d81.mp3,9,Sayój se tamakas de Atenti yej nikiliti maj nechpaleui.,azz,110,competition
nahuatl_dev/clips/864d46f296f14325a4e60c94f4ffae86.mp3,9,"Pon niyajtok ya pos nikan niyektok ya mochan ualtani, pon niajsitiu ya.",azz,106,competition
nahuatl_dev/clips/11051df6644649bba79e61e4a2f38482.mp3,9,"Kemaj, kualkan nimeuati uan nimotapayaniti uan niknekis de pajpata.",azz,105,competition
nahuatl_dev/clips/363aa7aa1c5e4670877031f792a4290e.mp3,9,"Kemaj tejua, timotaj ya mosta.",azz,118,competition
nahuatl_dev/clips/8bf8045a03024d59ae1a91d0baa7baeb.mp3,20,"Kuali yetok, achá nikinyoleuati nin siuamej uan tisenyaskej, ojalá maj nochi titatanitij.",azz,123,competition
nahuatl_dev/clips/5f023f9429f441eca3f01d87316b1abe.mp3,20,Tikneki maj nimitspaleuiti o tikneki maj nimitsinchiuiliti ya ¿uan de ton tamal ya?.,azz,105,competition
nahuatl_dev/clips/d34f171a9113453a90013f6cc6125c5d.mp3,9,Lo que pasa amo uelik nikochik ok uan mejor nimeuak ya uan nikuousakato ya para nichmakas tiempo niyas nitepaleuitiu.,azz,119,competition
nahuatl_dev/clips/586c248160904ad79565abbee278a3b0.mp3,9,Nejua axkan amo nitayi pero takouan tikneki noyoj mouan san.,azz,106,competition
nahuatl_dev/clips/e4ddcdf9b32a4808b2025461728d1146.mp3,40,kena kuali uan nichiya ma kuali kisa nochi negocio uan uelis ti kuali titlanamakas,nhw,2,competition
nahuatl_dev/clips/59cee859ccee4426b363ebc16c35aee6.mp3,9,"Tejua, ¿xe liuis taueyikan? ta amo amo nimatamis uan noselti, mejor xitemo okse.",azz,116,competition
nahuatl_dev/clips/7e1ecf76b7ca4841878df43c15a5655b.mp3,20,¡Amo xikijto! ¿uan xe mitsitakej?.,azz,113,competition
nahuatl_dev/clips/efd32f4dcc3c491096cd6a73a4a42ddf.mp3,20,"Es que mokaki que niman tikualani ka nojon ijkón nimolij pero nejua amo no nikualantok, pos xa tikpiya setsin, mientras, nechmakato para nen nikuapanchan de nopiouan.",azz,115,competition
nahuatl_dev/clips/9a827aae723f4bc8899721a6d7a56637.mp3,40,matlaktli xiuitl yeka nikixmatki pan estado de méxico yaya ne pika ichan,nhw,2,competition
nahuatl_dev/clips/60e521c6c9744c039449ff0480894711.mp3,40,ipan tiotlak ya uetski atl achi tlasesejki iuan ama achi tlaseseya maski amo miak san tikstoke ejbueno kemantis tokalijtik amo miak tlaseseya timomati pero tla tikisas pues ya timomati más tisekuis,nhw,2,competition
nahuatl_dev/clips/27a4e324b4e74b91ad5beea48c81b110.mp3,9,Se me hace que a las ocho pero mosta amo kintsoponitij se me hace que kin kinkaparotij.,azz,118,competition
nahuatl_dev/clips/637a874b418545a0a15028f97665d809.mp3,40,aj kena tikiijtoua kuaxilotl nojkia xtlaj kuali uan pues na inka bueno nikan nocha ninejnemi ama tlanki se tekitl katli nichijki nipintaro se se ichan pues ama ya nitsotsonas se kentsi este guitarra ya ni niixkopinis se ome tlamantli ipan se amoch ipan cuaderno uejkaui no amoyok nipintaro nipintaroki nion se tlamantli ipan amatl sa ipan tepamitl maski amo iuikal amo yampa,nhw,2,competition
nahuatl_dev/clips/8f626404a87e4025a1538310f91dd513.mp3,9,"Pos nejua kemaj nikuis, nechpieli cinco kilos de costilla.",azz,106,competition
nahuatl_dev/clips/68f9430c38f54bf38e7c95f31807d147.mp3,9,"An sale, nimitskuitikisa tiyetok ya lista niman timochichiuasan.",azz,117,competition
nahuatl_dev/clips/a4fa180e57944db2b87ff9c3f7b2c50c.mp3,20,"Axkan kemaj sayój nitayis setsin, amo nitayis miak pero chouej.",azz,106,competition
nahuatl_dev/clips/9a73368034ef4668b40f11dedca81cfb.mp3,9,"Pos ijkón tanauatijke a las ocho uan nejua ijkón nikan nikintsikojtok notskuiuan ok, uan setsin amo motekauilia maj niktsiko.",azz,118,competition
nahuatl_dev/clips/70030b9c949141b999980e7a377559da.mp3,20,A no manches ka liuyis tikualkanteroj tejua ¿uan keye amo uelik tikochik? nechtapoui.,azz,119,competition
nahuatl_dev/clips/4aeee0589ef54885bd823d5ad49e416b.mp3,9,Pues nechtapouij se tamakas de Carreragco uan kijtoa que xiyakan ximauiltitij uan takouan amo nanajsij pues ximotamaxitikan.,azz,123,competition
nahuatl_dev/clips/e38522234e024062a9117c75b8559584.mp3,20,Tejua pero sayój nimitstakeuaskia tejua porin amo nechajsi para okse takeual.,azz,116,competition
nahuatl_dev/clips/ff41870ebaeb41339d9bb7ab4a23e578.mp3,9,Pero xikinuika uan takouan amo taxikoaj pues nejua nimitspaleuis tiknualmemeskej uan nikinuikati nokniuan.,azz,110,competition
nahuatl_dev/clips/8dfd33a536684f24b6de3745c389ff17.mp3,40,kena nouampox uajka kiani tikchiuasen uan ama nitsotsonas guitarra uan ya kiski se kuikatl,nhw,3,competition
nahuatl_dev/clips/98543c6b2fd44693be7c2f9ce4123858.mp3,40,amo techiluia tlamantli para kuali matimouikakan san techkualania yeka nopa amo techpaktia,nhw,2,competition
nahuatl_dev/clips/77225e1a60fc4cacb701c197d1691fe3.mp3,9,An ya pero liuis siouitij tejua porque liuis uejka hasta Chalauico uan oksepa tiualaske xe taxikoskej ¿ken tikita?.,azz,110,competition
nahuatl_dev/clips/fda6b3c9bb8b499982102195e06e435a.mp3,9,"Pos siquiera maj se youi lucha, maj se kitentaroti, maj se mauiltiti para amo se yetos kalijtik.",azz,123,competition
nahuatl_dev/clips/ba39352dd28f4e49a0150412f3a25be1.mp3,9,"Pos liuis nimomatajtatia amo nimomatok niyetos tech in tekol, liuis taxota, uan amo nimomatok ijkón.",azz,124,competition
nahuatl_dev/clips/034b5fe4ef044c4e9ffb2c44df6fd71d.mp3,40,kena... kena uelis na kena nikita kuali amo onka seyok tlamantli se problema o seyok kuesoli maski uelis amo miak tomin nikpixtos ipan nopa tonali katli... katli ya mokauas nikan pero amo kenijki uelis tikchiasen uelis,nhw,3,competition
nahuatl_dev/clips/05518af1a8db42559a17b61b86a8a845.mp3,40,kena yampa,nhw,2,competition
nahuatl_dev/clips/bc3a566b6d9b42559bf7edfa285ac432.mp3,20,No manches xe amo pinaukej de que mitsitakej ¿uan qué? mitsuantikej ijkuak in chichik.,azz,113,competition
nahuatl_dev/clips/084aa704b464453d928431fb9dd5a6c4.mp3,9,"Pos nejua amo nikmati ken nankichiuaj porque namejuan nansiuamej kachi nankimatokej, uan nejua amo nikmati kachi uan niman nimomatajtatia",azz,124,competition
nahuatl_dev/clips/64e0e0098fd14f0f8ec988cab1bbe9c1.mp3,40,tlaskamati kena kena chano yektsin na chano techpaktia uejkajkia ta tikmati keman nikajxilik doce xiuitl pejki nimomachtik maski ama amo nochipa nimomachtitok yeka sekin tlamantli nikilkajki,nhw,3,competition
nahuatl_dev/clips/5d29c9ae60c04fd5b40711abdd073438.mp3,40,san kentsi amo miak uelis se ome pantalon uis se ome camisa se ome playera más de siuamej kena siuamej kena más kipaktia uan nojkia uan... uan uelis tikitas kema tikitas nikan ya kuali timomaka cuenta kenijki eli kenijki katlike más mitspaktia katlike más mitsmaka uan uelis kiani kenan na uelis nimitspaleuis,nhw,2,competition
nahuatl_dev/clips/4f7a882884de4302b1c2834d4d405e40.mp3,20,"Pos sale va, entonces nimeuas kualkan para nimitsuantis masma no kafentsin uan kemaj nimitskouilis mochesco.",azz,116,competition
nahuatl_dev/clips/b1369304b5114cd7bc9d3af59b12ce07.mp3,40,kena kualtitok kena kuali kiampa tikchiuasen ejtechiluik tla mokauas eyi tonali san,nhw,3,competition
nahuatl_dev/clips/bdcfab18f67f46568f609f77806dc13a.mp3,20,"Amo ijkón xikijto [laugh] ta tikinuiyak seis, este nimitsinkuiliti omen uan in oksekin nimitschayok, xoj xitikititi uan nikinchá.",azz,115,competition
nahuatl_dev/clips/a63527a40c3741fea5a064139debcf3b.mp3,20,"Amo nikmati ton takuejsol tikneki, nechili.",azz,121,competition
nahuatl_dev/clips/23dc32fabd174a62bb99a3bc18f479e2.mp3,40,aj kena kuali kena nikchia kuali titenemakaya nochi uan nochi ma tlamis pampa poliui poliui tomin poliui ma tikpiakan ma titlakuakan pues nochi katli techinpoloua kena uan nama hasta tlake hora titlamis,nhw,3,competition
nahuatl_dev/clips/605ebfb70b95444abbc104d20a8d3a02.mp3,9,"Nejua ayamo yon ayamo nikmati den faena, ayamo akin nechnauatia uan kan monechikoske.",azz,110,competition
nahuatl_dev/clips/78c55322b2f7493f9fb1c36884be10fa.mp3,9,Amo nimitskajkayautok ta melau niyas nikuitik pero ka kanachi tinechkauiliti.,azz,106,competition
nahuatl_dev/clips/02ed3abe47464c1994d906841e861b4f.mp3,20,"Tejua, amo nikmati tikita liuis tamixtemi, amo nikitstok metstsin ken yetok.",azz,112,competition
nahuatl_dev/clips/2ee1125918e54681be872b21f4cd89d7.mp3,20,¡Tejua! kan tikmatik nojón nejua amo teyi nikaktok pero kuali yetoskia pero pero tejuan amo tiajsij akonimej maj nikinilia in siuamej ya.,azz,123,competition
nahuatl_dev/clips/5bc240040ddf4c0ea7a4d87aeec5b133.mp3,9,"Sale, timotaj a las cinco mochan ualtanitsin uan tikuika se cubeta de veinte para xa tikajsij miak kosauik.",azz,117,competition
nahuatl_dev/clips/709d117fb9714dbda764136d47b1363d.mp3,20,"Um takouan melau semi motíajtsi pues melau kipiya tías pues semi namejuan, pues kuali yetok.",azz,120,competition
nahuatl_dev/clips/1af4860fa4c6454e86805152146c562d.mp3,40,uan uelis nojkia tikintemos akin kichijchiua akin ki... kitsayana uan akin kitlatsoma nopa peseli uelis tikintemos fabricantes uan ka fabricantes uelis más kuali mitskauilis se kuali precio na nimoneuelia maske bueno keman tia iniuaya fabricantes pampa ya tikpia tiempo uan kuali eltok negocio,nhw,2,competition
nahuatl_dev/clips/423bb7ba27304a1e8e334f5d93b08256.mp3,9,Xa kemaj nimitskuiliskia porque nochan liuis kalakij non kimichimej uan niknekii siempre se miston.,azz,122,competition
nahuatl_dev/clips/0275d42e70424f6e8be04a2ba38efc07.mp3,40,uan nojkia uelis tikuikas ipan se se autobús uelis tikuikalikas ne peseli,nhw,2,competition
nahuatl_dev/clips/9ed84e31eb204e54a5bdaed2a5bed0de.mp3,9,"Pos nejua nikalakis a las siete uan nikneki xinechtamaka las once, uan niknekis nopepsi.",azz,116,competition
nahuatl_dev/clips/0c5abbd1ba1e431d8590520d42e1c3e1.mp3,20,"Sale, sale, nomoinsiuilis ¡tejua! pero toni horas tiyaske.",azz,117,competition
nahuatl_dev/clips/138e0da6bbb643419d5c3f01933408fb.mp3,20,Kuali yetok este kemaj niuelis sabado nesnón amo kanaj niyoj pero tejua nejua nikinuikas nopiluan.,azz,110,competition
nahuatl_dev/clips/e33285dc927041d8a870e4a7f8c73968.mp3,9,"An ya, entonces nejua ahorita ompa nimokauati, niyoj veloriojtsin uan ompa nimokauati para mosta nikimpaleuis tachkualis uan xa ompa timotaj ya mosta.",azz,120,competition
nahuatl_dev/clips/d8c6862a1a5b4921ad68f299a154887f.mp3,20,"Tejua pero nejua amo nikuikas se cubeta de veinte ¡fiero ueyi uan takouan amo tikinajsij! mejor nikuika se cubeta de diez va, ompa timotaj niijsiuiti.",azz,117,competition
nahuatl_dev/clips/788b12134e4c44cb8be1ffa3f57e1f59.mp3,40,tikixtilisen sekin fotos sekin tlaixkopinkayotl,nhw,3,competition
nahuatl_dev/clips/0b8ac7d65aea409ebbd150f87045e644.mp3,20,¡Toni niyas nikuitiu kuoutaj!.,azz,117,competition
nahuatl_dev/clips/761447e9a4f54028bfc5a561acd0fef8.mp3,20,Amo xikijto pero xe liuis tikimpiya o xe liuis tikpiya itskuime ¿keye? totoyaua tepitsin okko ¿amo?.,azz,119,competition
nahuatl_dev/clips/6d184ebe94be48489282c938ad7284c3.mp3,40,amo tleno nia nijkouiti kafen nonana kineki uan se tlatoksi nitsotsonas guitarra uan uelis nimauiltis maski nitemik ika se... se tlamantli nikineki ni dibujaros,nhw,2,competition
nahuatl_dev/clips/43039bd443af4287835717ed164f464c.mp3,9,"Pues kachi kuali yetok, mejor nechmaka mitstonilamaj porque xa kachi tatemoa ya uan kachi kinkitskia kimichimej mejor yej mitstonilamaj nechmaka.",azz,122,competition
nahuatl_dev/clips/a73514c293914f1ca3f486b40818b019.mp3,9,Aa kemaj chouej pero sayój titayiskej setsin porin niman fiero tikchiua kuak tiuinti.,azz,106,competition
nahuatl_dev/clips/da97cb34ebcb44ce88aaaf41e0187144.mp3,20,"Teju, kijtoaj que titaixuitekitij takuitapan tiopan uan tikita kemej ipa ya uan kijtoaj maj se kuika machete uan salón para se taixuajuanas.",azz,110,competition
nahuatl_dev/clips/7c7628128bcd4c56a511d9f37b53125a.mp3,20,¡Tejua! nejua nimolia que kachi kuali xikuika uan ompa mitsiliske.,azz,121,competition
nahuatl_dev/clips/5d8b0f8a0e2146ce894dad78d9740989.mp3,20,"Kan kemej nojón, tejua pos xikita tech in calendario ta ompa no ojkon mota ken yajtok metstsin.",azz,112,competition
nahuatl_dev/clips/5d3f5593a097464fbeafdcae6ac83323.mp3,20,Kemaj pon kualkan nipantemoa pero tikpixtok ya in tixti.,azz,105,competition
nahuatl_dev/clips/b97a0f202cbb4962a871d82a338fe6d0.mp3,9,"Pues nejua amo nikmati, nejua ijkón nechnauatijke que amo maj se kintamaka.",azz,118,competition
nahuatl_dev/clips/5399968204874fd4aee9a48af5031ff2.mp3,9,"Pos kemaj melau pero nechilia ken para nikpanchiluis,.",azz,124,competition
nahuatl_dev/clips/1d9d76a4c6bc4d62b4a19d079316491a.mp3,40,kena nouampox na kiani techpaktia techpaktia nopa kema se siuapil kipaktia kixoronemi kimauilti,nhw,2,competition
nahuatl_dev/clips/8efafc8b60f54cec9a115b17ecca5212.mp3,40,nopa neli pa tinechikos mas tomin pampa kena poliui depende katlike tikneki nikan uelis ti tiijkoilis sekin tlamantli ken aparatos sekin ken luces lámparas,nhw,2,competition
nahuatl_dev/clips/9c8b151f8ba04c7180bd8a7f6ce417e1.mp3,40,kena bueno na nikijtoua kuali kakiuil kuali tiempo para tinejnemisen sekin lugares maski para kuali matikixmatikan pues para moneki ma mokauakan mas tiempo maski amo kinijki kena ikayi tonali uelis tiasen sekin lugares kena uan uelis tipaxalotinemisen kena uan ta nojkia keman intla tiualas intla tikchiua seyok planes nojkia techiluis y kiampa ya tikchiuasen tlake,nhw,3,competition
nahuatl_dev/clips/c2ef3f420b174bf1a872f05f0afc052d.mp3,20,Tekimpa tanauatij nen tiopampixkej uan timonechikoskej ompa tiopan ¿xe ayamo mitsnauatiaj? yekin yalua nikitak mensaje.,azz,110,competition
nahuatl_dev/clips/f014f4f485c845f79a1d2338045caec7.mp3,20,"Tons ijkón tanauatijke tejua, tons amo nikayik, entonces niktsikos ahorita uan entonces amo maj niktamaka, tejua pero liuis mayantos.",azz,118,competition
nahuatl_dev/clips/6094651aa64e495eadd64b22d95153f1.mp3,9,"Pos kemaj pinaukej uan mejor eukej ako motejkuajkejok uan despues kijtojkej nechuantiskej chichik, ako keman nikintakok.",azz,113,competition
nahuatl_dev/clips/48ce8b009cc84bcba5770a67e7b8e4ea.mp3,20,A bueno entonces nimitsyektalilis setsin pero maj moskaltikan porque yekin yolkej.,azz,122,competition
nahuatl_dev/clips/8f503b1329d04c43a1b730abe147f556.mp3,20,"Tejua nikpiya se mistonlamaj que yekimpa yolkej nimistonkoneuan xa tinechkuiliskia setsin, nejua amo nikneki nikimpiyas miak mistonme.",azz,122,competition
nahuatl_dev/clips/615767e161084e2c920540bbe73caa30.mp3,40,occidente neka pan el bajío itokax neka pas guadalajara nechkatsin uan michoacán uan guanajuato pan jalisko pues xtlaj uan kena kena kentsin kuali uan kemantik yektsin pampa tikiximatij miakej maseualmejtikiximatij ejaltepetsitsin tinejnemi ti titlakua ajuiyak tlakualis pero kemantik ouij uan kemantik chano etik uan kena nisiajki,nhw,2,competition
nahuatl_dev/clips/d33e264c9bcb464cb01ababcae024a96.mp3,9,Pos kemaj niueli nikpanketsa nochi pero sayój amo niueli nikpanchiluia ok.,azz,124,competition
nahuatl_dev/clips/48fe11c7cdf04dbf8aa687dfbe262c22.mp3,40,inka uelis kena kena maski pues ijkano kemantik panoua,nhw,3,competition
nahuatl_dev/clips/b10ad76d2f394af5a9b136115807702f.mp3,40,maski pues nimoneuilia ejpues ejpues pampa ya nijkaxis nopa no edad yeka normal para timoneuilisen nopa amo nikmati,nhw,2,competition
nahuatl_dev/clips/9564931be3744fbabda7e6877dff8ea8.mp3,20,Kuali yetok este niyoj mouan uan tinechnauatia toni hora ejko in carro para tisenyaskej sale uan amo ximotemati pajtis momán.,azz,121,competition
nahuatl_dev/clips/c67af372b800467e8beaae36c5ff07f0.mp3,40,uan kiani kiijtoa seyok nouampox pues nopa panok sanikajtsi kiijtoa según kiijtoa maski nopa amo neli,nhw,2,competition
nahuatl_dev/clips/5091f858793947f4b525743ea230c172.mp3,40,aja tla techtitlanis tomin kena... kena niueliskia katlike tikneki tijkouilis techiljuis kenan maski sintla mitsprestaro amo nikpia aman miak tomin pampa tlanki tekitl uan ya nitlaxtlajki sekin tlamantli katli gastos uan nochi nopa kenan,nhw,3,competition
nahuatl_dev/clips/4fc021074e4549c38bd1a78d25c8b276.mp3,9,"Bueno entonces ¿ton'? maj nitemo carro para nikuikas uan xa tiknekis nouan tiyas, nimitstatautia por favor",azz,121,competition
nahuatl_dev/clips/e751c92e11554c5f8dcbc8d1ea110455.mp3,20,"Kuak selik metsti kijtoaj que amo niman pankisa in xinach uan yolik moskaltijtiu, uan kijtoaj kachi kuali maj se kitoka kuak chikauak metsti porque niman pankisa uan kachi kuajkuali mochijua.",azz,112,competition
nahuatl_dev/clips/55f44eef31f5488ba19185cb465a9d03.mp3,9,Mosta niyoj Ometepetl uan nikinualkis se omen uan nimitsinmakas uan in oksekin ijkón nechinkauilia.,azz,115,competition
nahuatl_dev/clips/1b267fa1d1914b58aa41342531434267.mp3,20,Aa kuali yetok kualkan xomtapaya tejua pero takouan de pajpata ¡tejua yej kachi tekio! mejor tikchiuaj de totomoch.,azz,105,competition
nahuatl_dev/clips/65ecba18771c410bbdc960f8e677f1c6.mp3,40,kena kena uan kuali kisas nochi na nimoneuilia na nimitspaleuis ika katli niuelis nikchiuas,nhw,2,competition
nahuatl_dev/clips/839c15c5468f47d2b47027c15543c975.mp3,9,"Pues nejua no ijkon nikpiyaya pero nochi tamiuayik ya, ahorita ako nikpiya ¿uan katyej motiaj?.",azz,114,competition
nahuatl_dev/clips/ac477da3976d462e84683d2dfb51ef79.mp3,9,"Kemaj nikmatok ya nejua nikan nimochijchiutok ya niyatia, niktemojtok xochit ya.",azz,120,competition
nahuatl_dev/clips/f13e63afe4994207b796d69f8f6adabb.mp3,9,De nojón nejua amo nikmatilia kachi.,azz,112,competition
nahuatl_dev/clips/d6f906e98bd34b27b91b81cab7ce0cb6.mp3,40,maski san yapa amo ninejnemi iuaya amo neki nimosiuatis iuaya inka pampa na amo techpaktia amo techpaktia ken... ken nosiua pampa na techpaktia seyok... seyok ichpokatl,nhw,2,competition
nahuatl_dev/clips/6afe50aa6f634c66a5edd9568809be59.mp3,9,"Pues kemaj nejua semi notiajtsin, xa tikneki tiyas tinechacompañaros para amo noselti",azz,120,competition
nahuatl_dev/clips/3bbe49eaef964fde8b5191a204200f0d.mp3,20,"Kemaj, kemaj niuelis nimitspaleuis, tejua pero kan tikuiskej in habas selik ¿xe titatoak pero?.",azz,105,competition
nahuatl_dev/clips/9063c913f54b4845a45420d3dd320cf0.mp3,9,Amo melau sayój nimitskejkelojtoya uan kemaj nimitsinkopilis.,azz,115,competition
nahuatl_dev/clips/014591dd0f4041a8a27426b7a4f9e5d1.mp3,20,Pues kemaj nikpiya tejua pero selik uan se notiaj nechtajtanij.,azz,114,competition
nahuatl_dev/clips/e6d038ab9cba40bbb6aa8ce4b038c6e8.mp3,40,se aki uelis kipakti seyok tlamantli se aki uelis kiitas iyolo o aki se aki uelis kiitas seyok tlamantli katli kuali katli kinamiki kipia maski yaya inka,nhw,2,competition
nahuatl_dev/clips/8b70dc53e84e4c8db754f957566cd01f.mp3,40,uajka kenikatsa tikita nouampox tlake nikchiuas tlake tikchiuaskia ta,nhw,2,competition
nahuatl_dev/clips/3c03f72bb79c4c2998e526a86220bcdc.mp3,40,tikixkopinasej se kentsi sitlamantli,nhw,3,competition
nahuatl_dev/clips/b460184937c6458c9974c569018ca16d.mp3,9,"Pos nejua nikita liuis patyoj, nechkauili de a cien ¿amo kualtiaskia?.",azz,106,competition
nahuatl_dev/clips/ec9cd772979b4bc698914f1a866326c2.mp3,20,Tejua pero liuis kualkan para kuousakatos ¿keye ya?.,azz,119,competition
nahuatl_dev/clips/c6fda62f15d1434ca08b70b6c7b6f951.mp3,40,kena keman tiualas moneki tinejnemikaj mauilili,nhw,2,competition
nahuatl_dev/clips/bda04f786336491d8366a5c4bf6b139b.mp3,9,"Tejua xa tiknekiskia nikchiuili seki tamal, xe tiueliskia nikileui.",azz,105,competition
nahuatl_dev/clips/bb8fdc83d5f747d9af786584b2867e6b.mp3,40,kena tlaskamati tlaskamati nouampox kemantik ouij pampa nimoneuilia noselinejnemis nochipa uan amo nimosiuatis uan amo yon se siuatl o yon se ichpokatl techiknelis uan kemantik nimoyolkokoa pampa nimoneuilia nopa uan kemantik kena kuali niitstok nikilkaua uan nikchiuilia miak tlamantli uan nimauiltia uan niyejkoa miak tlamantli katli kena techpaktia uan nopa techpaleuia,nhw,2,competition
nahuatl_dev/clips/37c88a60c24a47c390bcf9fd5b9e2e2e.mp3,9,Pos pero melau sayój setsin san porin niman nimitsixmatok ya que niman tikneki liuis miak.,azz,106,competition
nahuatl_dev/clips/d43bdd70713b4e959c4fc40aa9a060c2.mp3,40,uan maseualmej nojkia ma mitsixmati mitsixmati kema kuali titamaka uan kuali presios tikpiya,nhw,2,competition
nahuatl_dev/clips/8a9ad89a81e84c97bf0e5dde62b3a11b.mp3,40,ixayaxauali amo nikilnamikiaya kena uan uelis tijkouis se kentsi peseli de tlakatl,nhw,2,competition
nahuatl_dev/clips/3c0281e60684444988f2487d76bcb933.mp3,40,kena tlakatl ta tikmati ya timosiuatitok ya tiseñor,nhw,2,competition
nahuatl_dev/clips/679b74296360460187ad9cef26275a9e.mp3,9,"Aj xikelkaua ya, niyas nitekititiu uan nimitsimkopilis va.",azz,115,competition
nahuatl_dev/clips/2acf2aa092b64a969c95699c40092338.mp3,40,uajka ejachtiui inka inka timouikajkej kiani achtiui yaya kena kuali,nhw,2,competition
nahuatl_dev/clips/8f4b2a6a9d36409fafd1ce5a1fadac0e.mp3,9,Pues kemaj nikimpaka noitskuiuan pero ualaj okse itskuinti uan katka liuis tekpinyoj kinmauako nochin tons ka nojón peua kalayikej ya kalijtik in tikpimej.,azz,119,competition
nahuatl_dev/clips/24aabf8fef80494381cfdca4c681b600.mp3,20,Entonces amo nikyekayik nejua nimolij sayój kintsoponitij ¿uan xe no melau me ejkoskej las ocho? liuis kualkan.,azz,118,competition
nahuatl_dev/clips/2e033dc53ecf49ee8d8cd8fbd8a360a9.mp3,40,o seyok ichpokatsitsi pampa ya neli fiero fiero eli uan uelis amo kuali mokaki kej keman nikiijtoua nopa maski nopa melauak na para na nesi fiero,nhw,2,competition
nahuatl_dev/clips/a5e50fc1242d4cae8a29c3762c4a2b51.mp3,9,Pos kemaj mitskuitikisa uan takouan liuis titayi miak pos mitsualkauteuas.,azz,106,competition
nahuatl_dev/clips/2ff430c19b1a45a787b78a8b667cd256.mp3,40,mitsiljuia amo kenijki tla fierotik,nhw,2,competition
nahuatl_dev/clips/fbac6f8d8ad842e2895b6f0037212bcc.mp3,40,se katli itokax ika inglés kamanali itokax kej se tenijki kiani c’mon everybody ika nauatl uelis tikijtosen xiualakan nochimej kena uan kena kuali bueno kualtsin tlakuikalis na techpaktia a ver kenijkatsa kisas sintlaj kuali kisas uan kenijkatsa nitsotsonas ipan guitarra amantsin nipracticaros se kentsin,nhw,3,competition
nahuatl_dev/clips/51dc72414abc4ed88e717066b27742e1.mp3,9,"O xa tiueli in sábado chouej ueyat ne Chalauico chingón nikinixmatok kuajkualime pozas, yetokej chingones.",azz,110,competition
nahuatl_dev/clips/91b22c07b48f487294a2e674f3e2697d.mp3,9,"Nikan nimopapantijtok, nikuousakatok.",azz,119,competition
nahuatl_dev/clips/229f331da1ae4060b6fc451db60b3030.mp3,20,"Tejua pues kuali yetok, maj nikintatapoui in siuamej xa kinekij mauiltiske, tejua pero kanachi in premio, nechtapoui.",azz,123,competition
nahuatl_dev/clips/95aab79ab6ab441699cbf0b900798d77.mp3,9,Pos yeski ayamo kimati nitakau porque nejua ompa niualpanok uan duro motejkuajtoyaj.,azz,113,competition
nahuatl_dev/clips/fe35a939195649ba920b675893b203fb.mp3,20,¿Tejua pero keman tiyakej ueyat uan kan tejua?.,azz,110,competition
nahuatl_dev/clips/53e47551672b4373bc5bc052afa60272.mp3,20,Tejua xe amo tikimpaka moitskuiuan pos keye liuis kimpiyaj tekpime.,azz,119,competition
nahuatl_dev/clips/5866485ef86c451091da5efcd2e2f1dd.mp3,40,kinmaka imax... imax pa pa tekitl pa titekiti pa tikchiuas miak tlamantli inon kiijtosneki nopa temachtijketl akin temaka akin kinmaka maseualmej ininmach nopa kena pero kena tlaskamati yeka kiampa nikitas ken nimauiltis,nhw,3,competition
nahuatl_dev/clips/f980ddf569ff4308998585f3c9929744.mp3,40,ayok nikochis noja se tlatoktsi nitotsonas ejuelis se tlajko hora ama hasta las doce pampa nojkia ejpues moneki ejma tikauakan ma kochikan nochi ejtotlauikaluan yeka para amo ma ejma kualanikan uan amo ma techiluis se se tlamantli kena pero kena nikan noja niitstos,nhw,3,competition
nahuatl_dev/clips/babd06e936024e66a93393aff2d33305.mp3,40,xikoni se pajtli tla tiuelis xijtolo se se pastilla se pajtli para mitspajtis para mitspaleuis uan para kuali ti tiitstos kena kuali na no inka nikan nochan san nipajpakas xalo trastes uan uelis se tlatoktsi nimauiltis mauiltis play,nhw,3,competition
nahuatl_dev/clips/d97334de77bc422cafe59434d2883417.mp3,40,kuali mero ajuiyak pa titamalchiua ika nopa ixuatl uan ama keski keski ipati nopa kuaxiloixuatl uan titenamaka por kilo o por pieza titanamaka pampa miakej ijkano bueno depende sekin uelis tenamakasej ika... ika pieza uan seyok uelis ika kilo,nhw,2,competition
nahuatl_dev/clips/f746497a184e43dc85fc0ed44708da9f.mp3,40,kena kuali nouampox uan ama tlatotonijtok o tlaseseua neka kampa tiitstok ne pika,nhw,2,competition
nahuatl_dev/clips/14786c8aac3f4d6a8b2fee1ed644800a.mp3,40,uan kej kemanti etik tikilnamiki na nijtenemakayaya amochtli ejni... nia neka nijnemiaya pan,nhw,2,competition
nahuatl_dev/clips/dd29d8c5f1234560abd5da35de5b0f44.mp3,20,¡Melau tikneki cinco kilos! amo tinechkajkayautok nejua nimitspielis ej.,azz,106,competition
nahuatl_dev/clips/186481e8237241e3be20b197f10a5006.mp3,20,Kemaj tejua pero nimitsilijtok que nojnelme yok pero takan luis tikneki ma moskaltikan uan nimitsmaka in ueyi miston lamaj ¿ ken tikita?.,azz,122,competition
nahuatl_dev/clips/f839d98a12da4c8bac4cb06a4377d69b.mp3,40,kena noikni amo ximokueso tikamantisen a las diez uajpa kena,nhw,2,competition
nahuatl_dev/clips/0eaeabe4592641418481b0a691bc9b2d.mp3,9,Niknekia nimitstatautis iuan ximokaua nomán porque mokua uan nejua niyoj Tetela nikuiti seki niktemoti seki pajti xa nikajsi ompa.,azz,121,competition
nahuatl_dev/clips/7b5f3e1866694e54ab583ffb6ec13d43.mp3,9,Ait toni kuitikis uan peua takopa uan kikokoa nitsontekon tons ka nojón niyoy Tetela nikuiti pajti.,azz,121,competition
nahuatl_dev/clips/e3ae0f90d73c43f4b0eb45cdd5b24154.mp3,9,Tejua Sandi nikneki mouan se takuejsol.,azz,121,competition
nahuatl_dev/clips/3f2a4f342bc440b7806033ed5b763845.mp3,9,Pues kemaj nikilij pero kijtoua que después nechixtauiliskia uan amo nechixtauili uan kijtoj nechkopilis se matita pero ako nechmako keman.,azz,114,competition
nahuatl_dev/clips/f8cc36f5e9e84325933debab5d38a3a4.mp3,20,"Achá amo tikinmemeskej ta uejueyin ya, aj bueno tons tikinuikati moikniuaj entonces este toni horas tiyaskej tejua, tejua ¿uan xe maj se mouikili se nitaxkal?.",azz,110,competition
